DataKey;Data;Ano;Mes;NomeMes;MesAno;Trimestre;Dia;DiaDaSemana;NomeDiaDaSemana;FimDeSemana
20250625;2025-06-25 15:02:21.696316;2025;6;June;06/2025;2;25;2;Wednesday;0
20250626;2025-06-26 15:02:21.696316;2025;6;June;06/2025;2;26;3;Thursday;0
20250627;2025-06-27 15:02:21.696316;2025;6;June;06/2025;2;27;4;Friday;0
20250628;2025-06-28 15:02:21.696316;2025;6;June;06/2025;2;28;5;Saturday;1
20250629;2025-06-29 15:02:21.696316;2025;6;June;06/2025;2;29;6;Sunday;1
20250630;2025-06-30 15:02:21.696316;2025;6;June;06/2025;2;30;0;Monday;0
20250701;2025-07-01 15:02:21.696316;2025;7;July;07/2025;3;1;1;Tuesday;0
20250702;2025-07-02 15:02:21.696316;2025;7;July;07/2025;3;2;2;Wednesday;0
20250703;2025-07-03 15:02:21.696316;2025;7;July;07/2025;3;3;3;Thursday;0
20250704;2025-07-04 15:02:21.696316;2025;7;July;07/2025;3;4;4;Friday;0
20250705;2025-07-05 15:02:21.696316;2025;7;July;07/2025;3;5;5;Saturday;1
20250706;2025-07-06 15:02:21.696316;2025;7;July;07/2025;3;6;6;Sunday;1
20250707;2025-07-07 15:02:21.696316;2025;7;July;07/2025;3;7;0;Monday;0
20250708;2025-07-08 15:02:21.696316;2025;7;July;07/2025;3;8;1;Tuesday;0
20250709;2025-07-09 15:02:21.696316;2025;7;July;07/2025;3;9;2;Wednesday;0
20250710;2025-07-10 15:02:21.696316;2025;7;July;07/2025;3;10;3;Thursday;0
20250711;2025-07-11 15:02:21.696316;2025;7;July;07/2025;3;11;4;Friday;0
20250712;2025-07-12 15:02:21.696316;2025;7;July;07/2025;3;12;5;Saturday;1
20250713;2025-07-13 15:02:21.696316;2025;7;July;07/2025;3;13;6;Sunday;1
20250714;2025-07-14 15:02:21.696316;2025;7;July;07/2025;3;14;0;Monday;0
20250715;2025-07-15 15:02:21.696316;2025;7;July;07/2025;3;15;1;Tuesday;0
20250716;2025-07-16 15:02:21.696316;2025;7;July;07/2025;3;16;2;Wednesday;0
20250717;2025-07-17 15:02:21.696316;2025;7;July;07/2025;3;17;3;Thursday;0
20250718;2025-07-18 15:02:21.696316;2025;7;July;07/2025;3;18;4;Friday;0
20250719;2025-07-19 15:02:21.696316;2025;7;July;07/2025;3;19;5;Saturday;1
20250720;2025-07-20 15:02:21.696316;2025;7;July;07/2025;3;20;6;Sunday;1
20250721;2025-07-21 15:02:21.696316;2025;7;July;07/2025;3;21;0;Monday;0
20250722;2025-07-22 15:02:21.696316;2025;7;July;07/2025;3;22;1;Tuesday;0
20250723;2025-07-23 15:02:21.696316;2025;7;July;07/2025;3;23;2;Wednesday;0
20250724;2025-07-24 15:02:21.696316;2025;7;July;07/2025;3;24;3;Thursday;0
20250725;2025-07-25 15:02:21.696316;2025;7;July;07/2025;3;25;4;Friday;0
20250726;2025-07-26 15:02:21.696316;2025;7;July;07/2025;3;26;5;Saturday;1
20250727;2025-07-27 15:02:21.696316;2025;7;July;07/2025;3;27;6;Sunday;1
20250728;2025-07-28 15:02:21.696316;2025;7;July;07/2025;3;28;0;Monday;0
20250729;2025-07-29 15:02:21.696316;2025;7;July;07/2025;3;29;1;Tuesday;0
20250730;2025-07-30 15:02:21.696316;2025;7;July;07/2025;3;30;2;Wednesday;0
20250731;2025-07-31 15:02:21.696316;2025;7;July;07/2025;3;31;3;Thursday;0
20250801;2025-08-01 15:02:21.696316;2025;8;August;08/2025;3;1;4;Friday;0
20250802;2025-08-02 15:02:21.696316;2025;8;August;08/2025;3;2;5;Saturday;1
20250803;2025-08-03 15:02:21.696316;2025;8;August;08/2025;3;3;6;Sunday;1
20250804;2025-08-04 15:02:21.696316;2025;8;August;08/2025;3;4;0;Monday;0
20250805;2025-08-05 15:02:21.696316;2025;8;August;08/2025;3;5;1;Tuesday;0
20250806;2025-08-06 15:02:21.696316;2025;8;August;08/2025;3;6;2;Wednesday;0
20250807;2025-08-07 15:02:21.696316;2025;8;August;08/2025;3;7;3;Thursday;0
20250808;2025-08-08 15:02:21.696316;2025;8;August;08/2025;3;8;4;Friday;0
20250809;2025-08-09 15:02:21.696316;2025;8;August;08/2025;3;9;5;Saturday;1
20250810;2025-08-10 15:02:21.696316;2025;8;August;08/2025;3;10;6;Sunday;1
20250811;2025-08-11 15:02:21.696316;2025;8;August;08/2025;3;11;0;Monday;0
20250812;2025-08-12 15:02:21.696316;2025;8;August;08/2025;3;12;1;Tuesday;0
20250813;2025-08-13 15:02:21.696316;2025;8;August;08/2025;3;13;2;Wednesday;0
20250814;2025-08-14 15:02:21.696316;2025;8;August;08/2025;3;14;3;Thursday;0
20250815;2025-08-15 15:02:21.696316;2025;8;August;08/2025;3;15;4;Friday;0
20250816;2025-08-16 15:02:21.696316;2025;8;August;08/2025;3;16;5;Saturday;1
20250817;2025-08-17 15:02:21.696316;2025;8;August;08/2025;3;17;6;Sunday;1
20250818;2025-08-18 15:02:21.696316;2025;8;August;08/2025;3;18;0;Monday;0
20250819;2025-08-19 15:02:21.696316;2025;8;August;08/2025;3;19;1;Tuesday;0
20250820;2025-08-20 15:02:21.696316;2025;8;August;08/2025;3;20;2;Wednesday;0
20250821;2025-08-21 15:02:21.696316;2025;8;August;08/2025;3;21;3;Thursday;0
20250822;2025-08-22 15:02:21.696316;2025;8;August;08/2025;3;22;4;Friday;0
20250823;2025-08-23 15:02:21.696316;2025;8;August;08/2025;3;23;5;Saturday;1
20250824;2025-08-24 15:02:21.696316;2025;8;August;08/2025;3;24;6;Sunday;1
20250825;2025-08-25 15:02:21.696316;2025;8;August;08/2025;3;25;0;Monday;0
20250826;2025-08-26 15:02:21.696316;2025;8;August;08/2025;3;26;1;Tuesday;0
20250827;2025-08-27 15:02:21.696316;2025;8;August;08/2025;3;27;2;Wednesday;0
20250828;2025-08-28 15:02:21.696316;2025;8;August;08/2025;3;28;3;Thursday;0
20250829;2025-08-29 15:02:21.696316;2025;8;August;08/2025;3;29;4;Friday;0
20250830;2025-08-30 15:02:21.696316;2025;8;August;08/2025;3;30;5;Saturday;1
20250831;2025-08-31 15:02:21.696316;2025;8;August;08/2025;3;31;6;Sunday;1
20250901;2025-09-01 15:02:21.696316;2025;9;September;09/2025;3;1;0;Monday;0
20250902;2025-09-02 15:02:21.696316;2025;9;September;09/2025;3;2;1;Tuesday;0
20250903;2025-09-03 15:02:21.696316;2025;9;September;09/2025;3;3;2;Wednesday;0
20250904;2025-09-04 15:02:21.696316;2025;9;September;09/2025;3;4;3;Thursday;0
20250905;2025-09-05 15:02:21.696316;2025;9;September;09/2025;3;5;4;Friday;0
20250906;2025-09-06 15:02:21.696316;2025;9;September;09/2025;3;6;5;Saturday;1
20250907;2025-09-07 15:02:21.696316;2025;9;September;09/2025;3;7;6;Sunday;1
20250908;2025-09-08 15:02:21.696316;2025;9;September;09/2025;3;8;0;Monday;0
20250909;2025-09-09 15:02:21.696316;2025;9;September;09/2025;3;9;1;Tuesday;0
20250910;2025-09-10 15:02:21.696316;2025;9;September;09/2025;3;10;2;Wednesday;0
20250911;2025-09-11 15:02:21.696316;2025;9;September;09/2025;3;11;3;Thursday;0
20250912;2025-09-12 15:02:21.696316;2025;9;September;09/2025;3;12;4;Friday;0
20250913;2025-09-13 15:02:21.696316;2025;9;September;09/2025;3;13;5;Saturday;1
20250914;2025-09-14 15:02:21.696316;2025;9;September;09/2025;3;14;6;Sunday;1
20250915;2025-09-15 15:02:21.696316;2025;9;September;09/2025;3;15;0;Monday;0
20250916;2025-09-16 15:02:21.696316;2025;9;September;09/2025;3;16;1;Tuesday;0
20250917;2025-09-17 15:02:21.696316;2025;9;September;09/2025;3;17;2;Wednesday;0
20250918;2025-09-18 15:02:21.696316;2025;9;September;09/2025;3;18;3;Thursday;0
20250919;2025-09-19 15:02:21.696316;2025;9;September;09/2025;3;19;4;Friday;0
20250920;2025-09-20 15:02:21.696316;2025;9;September;09/2025;3;20;5;Saturday;1
20250921;2025-09-21 15:02:21.696316;2025;9;September;09/2025;3;21;6;Sunday;1
20250922;2025-09-22 15:02:21.696316;2025;9;September;09/2025;3;22;0;Monday;0
20250923;2025-09-23 15:02:21.696316;2025;9;September;09/2025;3;23;1;Tuesday;0
20250924;2025-09-24 15:02:21.696316;2025;9;September;09/2025;3;24;2;Wednesday;0
20250925;2025-09-25 15:02:21.696316;2025;9;September;09/2025;3;25;3;Thursday;0
20250926;2025-09-26 15:02:21.696316;2025;9;September;09/2025;3;26;4;Friday;0
20250927;2025-09-27 15:02:21.696316;2025;9;September;09/2025;3;27;5;Saturday;1
20250928;2025-09-28 15:02:21.696316;2025;9;September;09/2025;3;28;6;Sunday;1
20250929;2025-09-29 15:02:21.696316;2025;9;September;09/2025;3;29;0;Monday;0
20250930;2025-09-30 15:02:21.696316;2025;9;September;09/2025;3;30;1;Tuesday;0
20251001;2025-10-01 15:02:21.696316;2025;10;October;10/2025;4;1;2;Wednesday;0
20251002;2025-10-02 15:02:21.696316;2025;10;October;10/2025;4;2;3;Thursday;0
20251003;2025-10-03 15:02:21.696316;2025;10;October;10/2025;4;3;4;Friday;0
20251004;2025-10-04 15:02:21.696316;2025;10;October;10/2025;4;4;5;Saturday;1
20251005;2025-10-05 15:02:21.696316;2025;10;October;10/2025;4;5;6;Sunday;1
20251006;2025-10-06 15:02:21.696316;2025;10;October;10/2025;4;6;0;Monday;0
20251007;2025-10-07 15:02:21.696316;2025;10;October;10/2025;4;7;1;Tuesday;0
20251008;2025-10-08 15:02:21.696316;2025;10;October;10/2025;4;8;2;Wednesday;0
20251009;2025-10-09 15:02:21.696316;2025;10;October;10/2025;4;9;3;Thursday;0
20251010;2025-10-10 15:02:21.696316;2025;10;October;10/2025;4;10;4;Friday;0
20251011;2025-10-11 15:02:21.696316;2025;10;October;10/2025;4;11;5;Saturday;1
20251012;2025-10-12 15:02:21.696316;2025;10;October;10/2025;4;12;6;Sunday;1
20251013;2025-10-13 15:02:21.696316;2025;10;October;10/2025;4;13;0;Monday;0
20251014;2025-10-14 15:02:21.696316;2025;10;October;10/2025;4;14;1;Tuesday;0
20251015;2025-10-15 15:02:21.696316;2025;10;October;10/2025;4;15;2;Wednesday;0
20251016;2025-10-16 15:02:21.696316;2025;10;October;10/2025;4;16;3;Thursday;0
20251017;2025-10-17 15:02:21.696316;2025;10;October;10/2025;4;17;4;Friday;0
20251018;2025-10-18 15:02:21.696316;2025;10;October;10/2025;4;18;5;Saturday;1
20251019;2025-10-19 15:02:21.696316;2025;10;October;10/2025;4;19;6;Sunday;1
20251020;2025-10-20 15:02:21.696316;2025;10;October;10/2025;4;20;0;Monday;0
20251021;2025-10-21 15:02:21.696316;2025;10;October;10/2025;4;21;1;Tuesday;0
20251022;2025-10-22 15:02:21.696316;2025;10;October;10/2025;4;22;2;Wednesday;0
20251023;2025-10-23 15:02:21.696316;2025;10;October;10/2025;4;23;3;Thursday;0
20251024;2025-10-24 15:02:21.696316;2025;10;October;10/2025;4;24;4;Friday;0
20251025;2025-10-25 15:02:21.696316;2025;10;October;10/2025;4;25;5;Saturday;1
20251026;2025-10-26 15:02:21.696316;2025;10;October;10/2025;4;26;6;Sunday;1
20251027;2025-10-27 15:02:21.696316;2025;10;October;10/2025;4;27;0;Monday;0
20251028;2025-10-28 15:02:21.696316;2025;10;October;10/2025;4;28;1;Tuesday;0
20251029;2025-10-29 15:02:21.696316;2025;10;October;10/2025;4;29;2;Wednesday;0
20251030;2025-10-30 15:02:21.696316;2025;10;October;10/2025;4;30;3;Thursday;0
20251031;2025-10-31 15:02:21.696316;2025;10;October;10/2025;4;31;4;Friday;0
20251101;2025-11-01 15:02:21.696316;2025;11;November;11/2025;4;1;5;Saturday;1
20251102;2025-11-02 15:02:21.696316;2025;11;November;11/2025;4;2;6;Sunday;1
20251103;2025-11-03 15:02:21.696316;2025;11;November;11/2025;4;3;0;Monday;0
20251104;2025-11-04 15:02:21.696316;2025;11;November;11/2025;4;4;1;Tuesday;0
20251105;2025-11-05 15:02:21.696316;2025;11;November;11/2025;4;5;2;Wednesday;0
20251106;2025-11-06 15:02:21.696316;2025;11;November;11/2025;4;6;3;Thursday;0
20251107;2025-11-07 15:02:21.696316;2025;11;November;11/2025;4;7;4;Friday;0
20251108;2025-11-08 15:02:21.696316;2025;11;November;11/2025;4;8;5;Saturday;1
20251109;2025-11-09 15:02:21.696316;2025;11;November;11/2025;4;9;6;Sunday;1
20251110;2025-11-10 15:02:21.696316;2025;11;November;11/2025;4;10;0;Monday;0
20251111;2025-11-11 15:02:21.696316;2025;11;November;11/2025;4;11;1;Tuesday;0
20251112;2025-11-12 15:02:21.696316;2025;11;November;11/2025;4;12;2;Wednesday;0
20251113;2025-11-13 15:02:21.696316;2025;11;November;11/2025;4;13;3;Thursday;0
20251114;2025-11-14 15:02:21.696316;2025;11;November;11/2025;4;14;4;Friday;0
20251115;2025-11-15 15:02:21.696316;2025;11;November;11/2025;4;15;5;Saturday;1
20251116;2025-11-16 15:02:21.696316;2025;11;November;11/2025;4;16;6;Sunday;1
20251117;2025-11-17 15:02:21.696316;2025;11;November;11/2025;4;17;0;Monday;0
20251118;2025-11-18 15:02:21.696316;2025;11;November;11/2025;4;18;1;Tuesday;0
20251119;2025-11-19 15:02:21.696316;2025;11;November;11/2025;4;19;2;Wednesday;0
20251120;2025-11-20 15:02:21.696316;2025;11;November;11/2025;4;20;3;Thursday;0
20251121;2025-11-21 15:02:21.696316;2025;11;November;11/2025;4;21;4;Friday;0
20251122;2025-11-22 15:02:21.696316;2025;11;November;11/2025;4;22;5;Saturday;1
20251123;2025-11-23 15:02:21.696316;2025;11;November;11/2025;4;23;6;Sunday;1
20251124;2025-11-24 15:02:21.696316;2025;11;November;11/2025;4;24;0;Monday;0
20251125;2025-11-25 15:02:21.696316;2025;11;November;11/2025;4;25;1;Tuesday;0
20251126;2025-11-26 15:02:21.696316;2025;11;November;11/2025;4;26;2;Wednesday;0
20251127;2025-11-27 15:02:21.696316;2025;11;November;11/2025;4;27;3;Thursday;0
20251128;2025-11-28 15:02:21.696316;2025;11;November;11/2025;4;28;4;Friday;0
20251129;2025-11-29 15:02:21.696316;2025;11;November;11/2025;4;29;5;Saturday;1
20251130;2025-11-30 15:02:21.696316;2025;11;November;11/2025;4;30;6;Sunday;1
20251201;2025-12-01 15:02:21.696316;2025;12;December;12/2025;4;1;0;Monday;0
20251202;2025-12-02 15:02:21.696316;2025;12;December;12/2025;4;2;1;Tuesday;0
20251203;2025-12-03 15:02:21.696316;2025;12;December;12/2025;4;3;2;Wednesday;0
20251204;2025-12-04 15:02:21.696316;2025;12;December;12/2025;4;4;3;Thursday;0
20251205;2025-12-05 15:02:21.696316;2025;12;December;12/2025;4;5;4;Friday;0
20251206;2025-12-06 15:02:21.696316;2025;12;December;12/2025;4;6;5;Saturday;1
20251207;2025-12-07 15:02:21.696316;2025;12;December;12/2025;4;7;6;Sunday;1
20251208;2025-12-08 15:02:21.696316;2025;12;December;12/2025;4;8;0;Monday;0
20251209;2025-12-09 15:02:21.696316;2025;12;December;12/2025;4;9;1;Tuesday;0
20251210;2025-12-10 15:02:21.696316;2025;12;December;12/2025;4;10;2;Wednesday;0
20251211;2025-12-11 15:02:21.696316;2025;12;December;12/2025;4;11;3;Thursday;0
20251212;2025-12-12 15:02:21.696316;2025;12;December;12/2025;4;12;4;Friday;0
20251213;2025-12-13 15:02:21.696316;2025;12;December;12/2025;4;13;5;Saturday;1
20251214;2025-12-14 15:02:21.696316;2025;12;December;12/2025;4;14;6;Sunday;1
20251215;2025-12-15 15:02:21.696316;2025;12;December;12/2025;4;15;0;Monday;0
20251216;2025-12-16 15:02:21.696316;2025;12;December;12/2025;4;16;1;Tuesday;0
20251217;2025-12-17 15:02:21.696316;2025;12;December;12/2025;4;17;2;Wednesday;0
20251218;2025-12-18 15:02:21.696316;2025;12;December;12/2025;4;18;3;Thursday;0
20251219;2025-12-19 15:02:21.696316;2025;12;December;12/2025;4;19;4;Friday;0
20251220;2025-12-20 15:02:21.696316;2025;12;December;12/2025;4;20;5;Saturday;1
20251221;2025-12-21 15:02:21.696316;2025;12;December;12/2025;4;21;6;Sunday;1
20251222;2025-12-22 15:02:21.696316;2025;12;December;12/2025;4;22;0;Monday;0
20251223;2025-12-23 15:02:21.696316;2025;12;December;12/2025;4;23;1;Tuesday;0
20251224;2025-12-24 15:02:21.696316;2025;12;December;12/2025;4;24;2;Wednesday;0
20251225;2025-12-25 15:02:21.696316;2025;12;December;12/2025;4;25;3;Thursday;0
20251226;2025-12-26 15:02:21.696316;2025;12;December;12/2025;4;26;4;Friday;0
20251227;2025-12-27 15:02:21.696316;2025;12;December;12/2025;4;27;5;Saturday;1
20251228;2025-12-28 15:02:21.696316;2025;12;December;12/2025;4;28;6;Sunday;1
20251229;2025-12-29 15:02:21.696316;2025;12;December;12/2025;4;29;0;Monday;0
20251230;2025-12-30 15:02:21.696316;2025;12;December;12/2025;4;30;1;Tuesday;0
20251231;2025-12-31 15:02:21.696316;2025;12;December;12/2025;4;31;2;Wednesday;0
20260101;2026-01-01 15:02:21.696316;2026;1;January;01/2026;1;1;3;Thursday;0
20260102;2026-01-02 15:02:21.696316;2026;1;January;01/2026;1;2;4;Friday;0
20260103;2026-01-03 15:02:21.696316;2026;1;January;01/2026;1;3;5;Saturday;1
20260104;2026-01-04 15:02:21.696316;2026;1;January;01/2026;1;4;6;Sunday;1
20260105;2026-01-05 15:02:21.696316;2026;1;January;01/2026;1;5;0;Monday;0
20260106;2026-01-06 15:02:21.696316;2026;1;January;01/2026;1;6;1;Tuesday;0
20260107;2026-01-07 15:02:21.696316;2026;1;January;01/2026;1;7;2;Wednesday;0
20260108;2026-01-08 15:02:21.696316;2026;1;January;01/2026;1;8;3;Thursday;0
20260109;2026-01-09 15:02:21.696316;2026;1;January;01/2026;1;9;4;Friday;0
20260110;2026-01-10 15:02:21.696316;2026;1;January;01/2026;1;10;5;Saturday;1
20260111;2026-01-11 15:02:21.696316;2026;1;January;01/2026;1;11;6;Sunday;1
20260112;2026-01-12 15:02:21.696316;2026;1;January;01/2026;1;12;0;Monday;0
20260113;2026-01-13 15:02:21.696316;2026;1;January;01/2026;1;13;1;Tuesday;0
20260114;2026-01-14 15:02:21.696316;2026;1;January;01/2026;1;14;2;Wednesday;0
20260115;2026-01-15 15:02:21.696316;2026;1;January;01/2026;1;15;3;Thursday;0
20260116;2026-01-16 15:02:21.696316;2026;1;January;01/2026;1;16;4;Friday;0
20260117;2026-01-17 15:02:21.696316;2026;1;January;01/2026;1;17;5;Saturday;1
20260118;2026-01-18 15:02:21.696316;2026;1;January;01/2026;1;18;6;Sunday;1
20260119;2026-01-19 15:02:21.696316;2026;1;January;01/2026;1;19;0;Monday;0
20260120;2026-01-20 15:02:21.696316;2026;1;January;01/2026;1;20;1;Tuesday;0
20260121;2026-01-21 15:02:21.696316;2026;1;January;01/2026;1;21;2;Wednesday;0
20260122;2026-01-22 15:02:21.696316;2026;1;January;01/2026;1;22;3;Thursday;0
20260123;2026-01-23 15:02:21.696316;2026;1;January;01/2026;1;23;4;Friday;0
20260124;2026-01-24 15:02:21.696316;2026;1;January;01/2026;1;24;5;Saturday;1
20260125;2026-01-25 15:02:21.696316;2026;1;January;01/2026;1;25;6;Sunday;1
20260126;2026-01-26 15:02:21.696316;2026;1;January;01/2026;1;26;0;Monday;0
20260127;2026-01-27 15:02:21.696316;2026;1;January;01/2026;1;27;1;Tuesday;0
20260128;2026-01-28 15:02:21.696316;2026;1;January;01/2026;1;28;2;Wednesday;0
20260129;2026-01-29 15:02:21.696316;2026;1;January;01/2026;1;29;3;Thursday;0
20260130;2026-01-30 15:02:21.696316;2026;1;January;01/2026;1;30;4;Friday;0
20260131;2026-01-31 15:02:21.696316;2026;1;January;01/2026;1;31;5;Saturday;1
20260201;2026-02-01 15:02:21.696316;2026;2;February;02/2026;1;1;6;Sunday;1
20260202;2026-02-02 15:02:21.696316;2026;2;February;02/2026;1;2;0;Monday;0
20260203;2026-02-03 15:02:21.696316;2026;2;February;02/2026;1;3;1;Tuesday;0
20260204;2026-02-04 15:02:21.696316;2026;2;February;02/2026;1;4;2;Wednesday;0
20260205;2026-02-05 15:02:21.696316;2026;2;February;02/2026;1;5;3;Thursday;0
20260206;2026-02-06 15:02:21.696316;2026;2;February;02/2026;1;6;4;Friday;0
20260207;2026-02-07 15:02:21.696316;2026;2;February;02/2026;1;7;5;Saturday;1
20260208;2026-02-08 15:02:21.696316;2026;2;February;02/2026;1;8;6;Sunday;1
20260209;2026-02-09 15:02:21.696316;2026;2;February;02/2026;1;9;0;Monday;0
20260210;2026-02-10 15:02:21.696316;2026;2;February;02/2026;1;10;1;Tuesday;0
20260211;2026-02-11 15:02:21.696316;2026;2;February;02/2026;1;11;2;Wednesday;0
20260212;2026-02-12 15:02:21.696316;2026;2;February;02/2026;1;12;3;Thursday;0
20260213;2026-02-13 15:02:21.696316;2026;2;February;02/2026;1;13;4;Friday;0
20260214;2026-02-14 15:02:21.696316;2026;2;February;02/2026;1;14;5;Saturday;1
20260215;2026-02-15 15:02:21.696316;2026;2;February;02/2026;1;15;6;Sunday;1
20260216;2026-02-16 15:02:21.696316;2026;2;February;02/2026;1;16;0;Monday;0
20260217;2026-02-17 15:02:21.696316;2026;2;February;02/2026;1;17;1;Tuesday;0
20260218;2026-02-18 15:02:21.696316;2026;2;February;02/2026;1;18;2;Wednesday;0
20260219;2026-02-19 15:02:21.696316;2026;2;February;02/2026;1;19;3;Thursday;0
20260220;2026-02-20 15:02:21.696316;2026;2;February;02/2026;1;20;4;Friday;0
20260221;2026-02-21 15:02:21.696316;2026;2;February;02/2026;1;21;5;Saturday;1
20260222;2026-02-22 15:02:21.696316;2026;2;February;02/2026;1;22;6;Sunday;1
20260223;2026-02-23 15:02:21.696316;2026;2;February;02/2026;1;23;0;Monday;0
20260224;2026-02-24 15:02:21.696316;2026;2;February;02/2026;1;24;1;Tuesday;0
20260225;2026-02-25 15:02:21.696316;2026;2;February;02/2026;1;25;2;Wednesday;0
20260226;2026-02-26 15:02:21.696316;2026;2;February;02/2026;1;26;3;Thursday;0
20260227;2026-02-27 15:02:21.696316;2026;2;February;02/2026;1;27;4;Friday;0
20260228;2026-02-28 15:02:21.696316;2026;2;February;02/2026;1;28;5;Saturday;1
20260301;2026-03-01 15:02:21.696316;2026;3;March;03/2026;1;1;6;Sunday;1
20260302;2026-03-02 15:02:21.696316;2026;3;March;03/2026;1;2;0;Monday;0
20260303;2026-03-03 15:02:21.696316;2026;3;March;03/2026;1;3;1;Tuesday;0
20260304;2026-03-04 15:02:21.696316;2026;3;March;03/2026;1;4;2;Wednesday;0
20260305;2026-03-05 15:02:21.696316;2026;3;March;03/2026;1;5;3;Thursday;0
20260306;2026-03-06 15:02:21.696316;2026;3;March;03/2026;1;6;4;Friday;0
20260307;2026-03-07 15:02:21.696316;2026;3;March;03/2026;1;7;5;Saturday;1
20260308;2026-03-08 15:02:21.696316;2026;3;March;03/2026;1;8;6;Sunday;1
20260309;2026-03-09 15:02:21.696316;2026;3;March;03/2026;1;9;0;Monday;0
20260310;2026-03-10 15:02:21.696316;2026;3;March;03/2026;1;10;1;Tuesday;0
20260311;2026-03-11 15:02:21.696316;2026;3;March;03/2026;1;11;2;Wednesday;0
20260312;2026-03-12 15:02:21.696316;2026;3;March;03/2026;1;12;3;Thursday;0
20260313;2026-03-13 15:02:21.696316;2026;3;March;03/2026;1;13;4;Friday;0
20260314;2026-03-14 15:02:21.696316;2026;3;March;03/2026;1;14;5;Saturday;1
20260315;2026-03-15 15:02:21.696316;2026;3;March;03/2026;1;15;6;Sunday;1
20260316;2026-03-16 15:02:21.696316;2026;3;March;03/2026;1;16;0;Monday;0
20260317;2026-03-17 15:02:21.696316;2026;3;March;03/2026;1;17;1;Tuesday;0
20260318;2026-03-18 15:02:21.696316;2026;3;March;03/2026;1;18;2;Wednesday;0
20260319;2026-03-19 15:02:21.696316;2026;3;March;03/2026;1;19;3;Thursday;0
20260320;2026-03-20 15:02:21.696316;2026;3;March;03/2026;1;20;4;Friday;0
20260321;2026-03-21 15:02:21.696316;2026;3;March;03/2026;1;21;5;Saturday;1
20260322;2026-03-22 15:02:21.696316;2026;3;March;03/2026;1;22;6;Sunday;1
20260323;2026-03-23 15:02:21.696316;2026;3;March;03/2026;1;23;0;Monday;0
20260324;2026-03-24 15:02:21.696316;2026;3;March;03/2026;1;24;1;Tuesday;0
20260325;2026-03-25 15:02:21.696316;2026;3;March;03/2026;1;25;2;Wednesday;0
20260326;2026-03-26 15:02:21.696316;2026;3;March;03/2026;1;26;3;Thursday;0
20260327;2026-03-27 15:02:21.696316;2026;3;March;03/2026;1;27;4;Friday;0
20260328;2026-03-28 15:02:21.696316;2026;3;March;03/2026;1;28;5;Saturday;1
20260329;2026-03-29 15:02:21.696316;2026;3;March;03/2026;1;29;6;Sunday;1
20260330;2026-03-30 15:02:21.696316;2026;3;March;03/2026;1;30;0;Monday;0
20260331;2026-03-31 15:02:21.696316;2026;3;March;03/2026;1;31;1;Tuesday;0
20260401;2026-04-01 15:02:21.696316;2026;4;April;04/2026;2;1;2;Wednesday;0
20260402;2026-04-02 15:02:21.696316;2026;4;April;04/2026;2;2;3;Thursday;0
20260403;2026-04-03 15:02:21.696316;2026;4;April;04/2026;2;3;4;Friday;0
20260404;2026-04-04 15:02:21.696316;2026;4;April;04/2026;2;4;5;Saturday;1
20260405;2026-04-05 15:02:21.696316;2026;4;April;04/2026;2;5;6;Sunday;1
20260406;2026-04-06 15:02:21.696316;2026;4;April;04/2026;2;6;0;Monday;0
20260407;2026-04-07 15:02:21.696316;2026;4;April;04/2026;2;7;1;Tuesday;0
20260408;2026-04-08 15:02:21.696316;2026;4;April;04/2026;2;8;2;Wednesday;0
20260409;2026-04-09 15:02:21.696316;2026;4;April;04/2026;2;9;3;Thursday;0
20260410;2026-04-10 15:02:21.696316;2026;4;April;04/2026;2;10;4;Friday;0
20260411;2026-04-11 15:02:21.696316;2026;4;April;04/2026;2;11;5;Saturday;1
20260412;2026-04-12 15:02:21.696316;2026;4;April;04/2026;2;12;6;Sunday;1
20260413;2026-04-13 15:02:21.696316;2026;4;April;04/2026;2;13;0;Monday;0
20260414;2026-04-14 15:02:21.696316;2026;4;April;04/2026;2;14;1;Tuesday;0
20260415;2026-04-15 15:02:21.696316;2026;4;April;04/2026;2;15;2;Wednesday;0
20260416;2026-04-16 15:02:21.696316;2026;4;April;04/2026;2;16;3;Thursday;0
20260417;2026-04-17 15:02:21.696316;2026;4;April;04/2026;2;17;4;Friday;0
20260418;2026-04-18 15:02:21.696316;2026;4;April;04/2026;2;18;5;Saturday;1
20260419;2026-04-19 15:02:21.696316;2026;4;April;04/2026;2;19;6;Sunday;1
20260420;2026-04-20 15:02:21.696316;2026;4;April;04/2026;2;20;0;Monday;0
20260421;2026-04-21 15:02:21.696316;2026;4;April;04/2026;2;21;1;Tuesday;0
20260422;2026-04-22 15:02:21.696316;2026;4;April;04/2026;2;22;2;Wednesday;0
20260423;2026-04-23 15:02:21.696316;2026;4;April;04/2026;2;23;3;Thursday;0
20260424;2026-04-24 15:02:21.696316;2026;4;April;04/2026;2;24;4;Friday;0
20260425;2026-04-25 15:02:21.696316;2026;4;April;04/2026;2;25;5;Saturday;1
20260426;2026-04-26 15:02:21.696316;2026;4;April;04/2026;2;26;6;Sunday;1
20260427;2026-04-27 15:02:21.696316;2026;4;April;04/2026;2;27;0;Monday;0
20260428;2026-04-28 15:02:21.696316;2026;4;April;04/2026;2;28;1;Tuesday;0
20260429;2026-04-29 15:02:21.696316;2026;4;April;04/2026;2;29;2;Wednesday;0
20260430;2026-04-30 15:02:21.696316;2026;4;April;04/2026;2;30;3;Thursday;0
20260501;2026-05-01 15:02:21.696316;2026;5;May;05/2026;2;1;4;Friday;0
20260502;2026-05-02 15:02:21.696316;2026;5;May;05/2026;2;2;5;Saturday;1
20260503;2026-05-03 15:02:21.696316;2026;5;May;05/2026;2;3;6;Sunday;1
20260504;2026-05-04 15:02:21.696316;2026;5;May;05/2026;2;4;0;Monday;0
20260505;2026-05-05 15:02:21.696316;2026;5;May;05/2026;2;5;1;Tuesday;0
20260506;2026-05-06 15:02:21.696316;2026;5;May;05/2026;2;6;2;Wednesday;0
20260507;2026-05-07 15:02:21.696316;2026;5;May;05/2026;2;7;3;Thursday;0
20260508;2026-05-08 15:02:21.696316;2026;5;May;05/2026;2;8;4;Friday;0
20260509;2026-05-09 15:02:21.696316;2026;5;May;05/2026;2;9;5;Saturday;1
20260510;2026-05-10 15:02:21.696316;2026;5;May;05/2026;2;10;6;Sunday;1
20260511;2026-05-11 15:02:21.696316;2026;5;May;05/2026;2;11;0;Monday;0
20260512;2026-05-12 15:02:21.696316;2026;5;May;05/2026;2;12;1;Tuesday;0
20260513;2026-05-13 15:02:21.696316;2026;5;May;05/2026;2;13;2;Wednesday;0
20260514;2026-05-14 15:02:21.696316;2026;5;May;05/2026;2;14;3;Thursday;0
20260515;2026-05-15 15:02:21.696316;2026;5;May;05/2026;2;15;4;Friday;0
20260516;2026-05-16 15:02:21.696316;2026;5;May;05/2026;2;16;5;Saturday;1
20260517;2026-05-17 15:02:21.696316;2026;5;May;05/2026;2;17;6;Sunday;1
20260518;2026-05-18 15:02:21.696316;2026;5;May;05/2026;2;18;0;Monday;0
20260519;2026-05-19 15:02:21.696316;2026;5;May;05/2026;2;19;1;Tuesday;0
20260520;2026-05-20 15:02:21.696316;2026;5;May;05/2026;2;20;2;Wednesday;0
20260521;2026-05-21 15:02:21.696316;2026;5;May;05/2026;2;21;3;Thursday;0
20260522;2026-05-22 15:02:21.696316;2026;5;May;05/2026;2;22;4;Friday;0
20260523;2026-05-23 15:02:21.696316;2026;5;May;05/2026;2;23;5;Saturday;1
20260524;2026-05-24 15:02:21.696316;2026;5;May;05/2026;2;24;6;Sunday;1
20260525;2026-05-25 15:02:21.696316;2026;5;May;05/2026;2;25;0;Monday;0
20260526;2026-05-26 15:02:21.696316;2026;5;May;05/2026;2;26;1;Tuesday;0
20260527;2026-05-27 15:02:21.696316;2026;5;May;05/2026;2;27;2;Wednesday;0
20260528;2026-05-28 15:02:21.696316;2026;5;May;05/2026;2;28;3;Thursday;0
20260529;2026-05-29 15:02:21.696316;2026;5;May;05/2026;2;29;4;Friday;0
20260530;2026-05-30 15:02:21.696316;2026;5;May;05/2026;2;30;5;Saturday;1
20260531;2026-05-31 15:02:21.696316;2026;5;May;05/2026;2;31;6;Sunday;1
20260601;2026-06-01 15:02:21.696316;2026;6;June;06/2026;2;1;0;Monday;0
20260602;2026-06-02 15:02:21.696316;2026;6;June;06/2026;2;2;1;Tuesday;0
20260603;2026-06-03 15:02:21.696316;2026;6;June;06/2026;2;3;2;Wednesday;0
20260604;2026-06-04 15:02:21.696316;2026;6;June;06/2026;2;4;3;Thursday;0
20260605;2026-06-05 15:02:21.696316;2026;6;June;06/2026;2;5;4;Friday;0
20260606;2026-06-06 15:02:21.696316;2026;6;June;06/2026;2;6;5;Saturday;1
20260607;2026-06-07 15:02:21.696316;2026;6;June;06/2026;2;7;6;Sunday;1
20260608;2026-06-08 15:02:21.696316;2026;6;June;06/2026;2;8;0;Monday;0
20260609;2026-06-09 15:02:21.696316;2026;6;June;06/2026;2;9;1;Tuesday;0
20260610;2026-06-10 15:02:21.696316;2026;6;June;06/2026;2;10;2;Wednesday;0
20260611;2026-06-11 15:02:21.696316;2026;6;June;06/2026;2;11;3;Thursday;0
20260612;2026-06-12 15:02:21.696316;2026;6;June;06/2026;2;12;4;Friday;0
20260613;2026-06-13 15:02:21.696316;2026;6;June;06/2026;2;13;5;Saturday;1
20260614;2026-06-14 15:02:21.696316;2026;6;June;06/2026;2;14;6;Sunday;1
20260615;2026-06-15 15:02:21.696316;2026;6;June;06/2026;2;15;0;Monday;0
20260616;2026-06-16 15:02:21.696316;2026;6;June;06/2026;2;16;1;Tuesday;0
20260617;2026-06-17 15:02:21.696316;2026;6;June;06/2026;2;17;2;Wednesday;0
20260618;2026-06-18 15:02:21.696316;2026;6;June;06/2026;2;18;3;Thursday;0
20260619;2026-06-19 15:02:21.696316;2026;6;June;06/2026;2;19;4;Friday;0
20260620;2026-06-20 15:02:21.696316;2026;6;June;06/2026;2;20;5;Saturday;1
20260621;2026-06-21 15:02:21.696316;2026;6;June;06/2026;2;21;6;Sunday;1
20260622;2026-06-22 15:02:21.696316;2026;6;June;06/2026;2;22;0;Monday;0
20260623;2026-06-23 15:02:21.696316;2026;6;June;06/2026;2;23;1;Tuesday;0
20260624;2026-06-24 15:02:21.696316;2026;6;June;06/2026;2;24;2;Wednesday;0
20260625;2026-06-25 15:02:21.696316;2026;6;June;06/2026;2;25;3;Thursday;0
